{
  "hash": "06b59223",
  "configHash": "0cb496f4",
  "lockfileHash": "fbec942a",
  "browserHash": "da173726",
  "optimized": {
    "@angular/common": {
      "src": "../../../../../../node_modules/@angular/common/fesm2022/common.mjs",
      "file": "@angular_common.js",
      "fileHash": "def5c5a6",
      "needsInterop": false
    },
    "@angular/common/http": {
      "src": "../../../../../../node_modules/@angular/common/fesm2022/http.mjs",
      "file": "@angular_common_http.js",
      "fileHash": "2ce96561",
      "needsInterop": false
    },
    "@angular/core": {
      "src": "../../../../../../node_modules/@angular/core/fesm2022/core.mjs",
      "file": "@angular_core.js",
      "fileHash": "da2f0f11",
      "needsInterop": false
    },
    "@angular/forms": {
      "src": "../../../../../../node_modules/@angular/forms/fesm2022/forms.mjs",
      "file": "@angular_forms.js",
      "fileHash": "2b168adc",
      "needsInterop": false
    },
    "@angular/platform-browser": {
      "src": "../../../../../../node_modules/@angular/platform-browser/fesm2022/platform-browser.mjs",
      "file": "@angular_platform-browser.js",
      "fileHash": "643f5f00",
      "needsInterop": false
    },
    "@angular/router": {
      "src": "../../../../../../node_modules/@angular/router/fesm2022/router.mjs",
      "file": "@angular_router.js",
      "fileHash": "2193684e",
      "needsInterop": false
    },
    "zone.js": {
      "src": "../../../../../../node_modules/zone.js/fesm2015/zone.js",
      "file": "zone__js.js",
      "fileHash": "3daf973e",
      "needsInterop": true
    }
  },
  "chunks": {
    "chunk-4QNBQGKM": {
      "file": "chunk-4QNBQGKM.js"
    },
    "chunk-6S4ZXGXT": {
      "file": "chunk-6S4ZXGXT.js"
    },
    "chunk-I3VFXCAH": {
      "file": "chunk-I3VFXCAH.js"
    },
    "chunk-WGQN7DY4": {
      "file": "chunk-WGQN7DY4.js"
    },
    "chunk-CORRA3TE": {
      "file": "chunk-CORRA3TE.js"
    },
    "chunk-WDMUDEB6": {
      "file": "chunk-WDMUDEB6.js"
    }
  }
}